make,model,yearStart,yearEnd,bodyTypes,fuelTypes,transmissions,drivetrains,engineCode,displacement,engineType,horsepower_hp,torque_nm
"Toyota","Corolla","2000","present","SEDAN;HATCHBACK","GASOLINE;HYBRID","Automatic;Manual;CVT","FWD","1ZZ-FE","1.8L","Inline-4","132","171"
"Toyota","Corolla","2000","present","SEDAN;HATCHBACK","GASOLINE;HYBRID","Automatic;Manual;CVT","FWD","2ZZ-GE","1.8L","Inline-4","192","180"
"Toyota","Corolla","2000","present","SEDAN;HATCHBACK","GASOLINE;HYBRID","Automatic;Manual;CVT","FWD","1NZ-FE","1.5L","Inline-4","109","141"
"Toyota","Corolla","2000","present","SEDAN;HATCHBACK","GASOLINE;HYBRID","Automatic;Manual;CVT","FWD","2NZ-FE","1.3L","Inline-4","87","121"
"Toyota","Corolla","2000","present","SEDAN;HATCHBACK","GASOLINE;HYBRID","Automatic;Manual;CVT","FWD","Hybrid 1.8L","1.8L","Inline-4 Hybrid","136","142"
"Toyota","Fielder","2000","present","WAGON","GASOLINE;HYBRID","Automatic;Manual;CVT","FWD;4WD","1ZZ-FE","1.8L","Inline-4","132","171"
"Toyota","Fielder","2000","present","WAGON","GASOLINE;HYBRID","Automatic;Manual;CVT","FWD;4WD","1NZ-FE","1.5L","Inline-4","109","141"
"Toyota","Fielder","2000","present","WAGON","GASOLINE;HYBRID","Automatic;Manual;CVT","FWD;4WD","Hybrid 1.5L","1.5L","Inline-4 Hybrid","100","125"
"Toyota","Premio","2001","present","SEDAN","GASOLINE","Automatic","FWD;4WD","1ZZ-FE","1.8L","Inline-4","132","171"
"Toyota","Premio","2001","present","SEDAN","GASOLINE","Automatic","FWD;4WD","1AZ-FSE","2.0L","Inline-4","152","194"
"Toyota","Allion","2001","present","SEDAN","GASOLINE","Automatic","FWD;4WD","1NZ-FE","1.5L","Inline-4","109","141"
"Toyota","Allion","2001","present","SEDAN","GASOLINE","Automatic","FWD;4WD","1ZZ-FE","1.8L","Inline-4","132","171"
"Toyota","Allion","2001","present","SEDAN","GASOLINE","Automatic","FWD;4WD","1AZ-FSE","2.0L","Inline-4","152","194"
"Toyota","Vitz","1999","present","HATCHBACK","GASOLINE","Automatic;Manual;CVT","FWD","1KR-FE","1.0L","Inline-3","69","93"
"Toyota","Vitz","1999","present","HATCHBACK","GASOLINE","Automatic;Manual;CVT","FWD","2NZ-FE","1.3L","Inline-4","87","121"
"Toyota","Vitz","1999","present","HATCHBACK","GASOLINE","Automatic;Manual;CVT","FWD","1NZ-FE","1.5L","Inline-4","109","141"
"Toyota","Yaris","2005","present","HATCHBACK;SEDAN","GASOLINE;HYBRID","Automatic;Manual;CVT","FWD","1KR-FE","1.0L","Inline-3","69","93"
"Toyota","Yaris","2005","present","HATCHBACK;SEDAN","GASOLINE;HYBRID","Automatic;Manual;CVT","FWD","1NZ-FE","1.5L","Inline-4","109","141"
"Toyota","Yaris","2005","present","HATCHBACK;SEDAN","GASOLINE;HYBRID","Automatic;Manual;CVT","FWD","Hybrid 1.5L","1.5L","Inline-4 Hybrid","116","141"
"Toyota","RAV4","1994","present","SUV","GASOLINE;DIESEL;HYBRID","Automatic;Manual;CVT","FWD;AWD;4WD","2AZ-FE","2.4L","Inline-4","169","220"
"Toyota","RAV4","1994","present","SUV","GASOLINE;DIESEL;HYBRID","Automatic;Manual;CVT","FWD;AWD;4WD","2GR-FE","3.5L","V6","276","336"
"Toyota","RAV4","1994","present","SUV","GASOLINE;DIESEL;HYBRID","Automatic;Manual;CVT","FWD;AWD;4WD","1AD-FTV","2.0L TD","Inline-4 Diesel","124","300"
"Toyota","RAV4","1994","present","SUV","GASOLINE;DIESEL;HYBRID","Automatic;Manual;CVT","FWD;AWD;4WD","2AD-FTV","2.2L TD","Inline-4 Diesel","149","340"
"Toyota","RAV4","1994","present","SUV","GASOLINE;DIESEL;HYBRID","Automatic;Manual;CVT","FWD;AWD;4WD","Hybrid 2.5L","2.5L","Inline-4 Hybrid","222","221"
"Toyota","Harrier","1997","present","SUV","GASOLINE;HYBRID","Automatic;CVT","FWD;AWD","2AZ-FE","2.4L","Inline-4","160","218"
"Toyota","Harrier","1997","present","SUV","GASOLINE;HYBRID","Automatic;CVT","FWD;AWD","2GR-FE","3.5L","V6","276","336"
"Toyota","Harrier","1997","present","SUV","GASOLINE;HYBRID","Automatic;CVT","FWD;AWD","Hybrid 2.5L","2.5L","Inline-4 Hybrid","197","210"
"Toyota","Land Cruiser Prado","1990","present","SUV","GASOLINE;DIESEL","Automatic;Manual","4WD","1GR-FE","4.0L","V6","270","381"
"Toyota","Land Cruiser Prado","1990","present","SUV","GASOLINE;DIESEL","Automatic;Manual","4WD","2TR-FE","2.7L","Inline-4","163","246"
"Toyota","Land Cruiser Prado","1990","present","SUV","GASOLINE;DIESEL","Automatic;Manual","4WD","1KD-FTV","3.0L TD","Inline-4 Diesel","163","410"
"Toyota","Land Cruiser Prado","1990","present","SUV","GASOLINE;DIESEL","Automatic;Manual","4WD","1GD-FTV","2.8L TD","Inline-4 Diesel","177","450"
"Toyota","Land Cruiser 200","2007","2021","SUV","GASOLINE;DIESEL","Automatic","4WD","1UR-FE","4.6L","V8","309","439"
"Toyota","Land Cruiser 200","2007","2021","SUV","GASOLINE;DIESEL","Automatic","4WD","3UR-FE","5.7L","V8","381","544"
"Toyota","Land Cruiser 200","2007","2021","SUV","GASOLINE;DIESEL","Automatic","4WD","1VD-FTV","4.5L TD","V8 Diesel","261","650"
"Toyota","Land Cruiser 300","2021","present","SUV","GASOLINE;DIESEL","Automatic","4WD","V35A-FTS","3.5L Twin Turbo","V6 Twin Turbo","415","650"
"Toyota","Land Cruiser 300","2021","present","SUV","GASOLINE;DIESEL","Automatic","4WD","F33A-FTV","3.3L TD","V6 Diesel Twin Turbo","309","700"
"Toyota","Hilux","1968","present","TRUCK","GASOLINE;DIESEL","Automatic;Manual","RWD;4WD","2TR-FE","2.7L","Inline-4","163","246"
"Toyota","Hilux","1968","present","TRUCK","GASOLINE;DIESEL","Automatic;Manual","RWD;4WD","1KD-FTV","3.0L TD","Inline-4 Diesel","163","343"
"Toyota","Hilux","1968","present","TRUCK","GASOLINE;DIESEL","Automatic;Manual","RWD;4WD","1GD-FTV","2.8L TD","Inline-4 Diesel","177","450"
"Toyota","Fortuner","2005","present","SUV","GASOLINE;DIESEL","Automatic;Manual","RWD;4WD","2TR-FE","2.7L","Inline-4","163","246"
"Toyota","Fortuner","2005","present","SUV","GASOLINE;DIESEL","Automatic;Manual","RWD;4WD","1GR-FE","4.0L","V6","270","381"
"Toyota","Fortuner","2005","present","SUV","GASOLINE;DIESEL","Automatic;Manual","RWD;4WD","1KD-FTV","3.0L TD","Inline-4 Diesel","163","343"
"Toyota","Fortuner","2005","present","SUV","GASOLINE;DIESEL","Automatic;Manual","RWD;4WD","1GD-FTV","2.8L TD","Inline-4 Diesel","177","450"
"Toyota","Rush","2006","present","SUV","GASOLINE","Automatic;Manual","RWD;4WD","3SZ-VE","1.5L","Inline-4","109","141"
"Toyota","Prius","1997","present","HATCHBACK;SEDAN","HYBRID","CVT","FWD;AWD","2ZR-FXE","1.8L Hybrid","Inline-4 Hybrid","121","142"
"Toyota","Prius","1997","present","HATCHBACK;SEDAN","HYBRID","CVT","FWD;AWD","2ZR-FXE Gen3","1.8L Hybrid","Inline-4 Hybrid","134","142"
"Toyota","Camry","1982","present","SEDAN","GASOLINE;HYBRID","Automatic;CVT","FWD","2AZ-FE","2.4L","Inline-4","160","224"
"Toyota","Camry","1982","present","SEDAN","GASOLINE;HYBRID","Automatic;CVT","FWD","2GR-FE","3.5L","V6","276","336"
"Toyota","Camry","1982","present","SEDAN","GASOLINE;HYBRID","Automatic;CVT","FWD","Hybrid 2.5L","2.5L","Inline-4 Hybrid","218","221"
"Toyota","Mark X","2004","2019","SEDAN","GASOLINE","Automatic","RWD;4WD","4GR-FSE","2.5L","V6","215","252"
"Toyota","Mark X","2004","2019","SEDAN","GASOLINE","Automatic","RWD;4WD","3GR-FSE","3.0L","V6","256","314"
"Toyota","Ipsum","1996","2009","WAGON","GASOLINE","Automatic","FWD;4WD","3S-FE","2.0L","Inline-4","128","181"
"Toyota","Ipsum","1996","2009","WAGON","GASOLINE","Automatic","FWD;4WD","2AZ-FE","2.4L","Inline-4","163","224"
"Toyota","Noah","2001","present","WAGON","GASOLINE;HYBRID","Automatic;CVT","FWD;4WD","3ZR-FAE","2.0L","Inline-4","152","196"
"Toyota","Noah","2001","present","WAGON","GASOLINE;HYBRID","Automatic;CVT","FWD;4WD","Hybrid 1.8L","1.8L","Inline-4 Hybrid","121","142"
"Toyota","Vanguard","2007","2013","SUV","GASOLINE","Automatic","FWD;4WD","2AZ-FE","2.4L","Inline-4","170","224"
"Toyota","Vanguard","2007","2013","SUV","GASOLINE","Automatic","FWD;4WD","2GR-FE","3.5L","V6","280","340"
"Nissan","Note","2004","present","HATCHBACK","GASOLINE;HYBRID","Automatic;Manual;CVT","FWD","HR15DE","1.5L","Inline-4","109","147"
"Nissan","Note","2004","present","HATCHBACK","GASOLINE;HYBRID","Automatic;Manual;CVT","FWD","HR12DDR","1.2L","Inline-3","79","103"
"Nissan","Note","2004","present","HATCHBACK","GASOLINE;HYBRID","Automatic;Manual;CVT","FWD","e-Power 1.2L","1.2L","Inline-3 e-Power","109","254"
"Nissan","March","1982","present","HATCHBACK","GASOLINE","Automatic;Manual;CVT","FWD","HR15DE","1.5L","Inline-4","109","147"
"Nissan","March","1982","present","HATCHBACK","GASOLINE","Automatic;Manual;CVT","FWD","CR10DE","1.0L","Inline-3","65","91"
"Nissan","Tiida","2004","2012","SEDAN;HATCHBACK","GASOLINE","Automatic;Manual;CVT","FWD","HR15DE","1.5L","Inline-4","109","147"
"Nissan","Tiida","2004","2012","SEDAN;HATCHBACK","GASOLINE","Automatic;Manual;CVT","FWD","MR18DE","1.8L","Inline-4","126","174"
"Nissan","X-Trail","2000","present","SUV","GASOLINE;DIESEL;HYBRID","Automatic;Manual;CVT","FWD;AWD;4WD","QR25DE","2.5L","Inline-4","169","226"
"Nissan","X-Trail","2000","present","SUV","GASOLINE;DIESEL;HYBRID","Automatic;Manual;CVT","FWD;AWD;4WD","QR20DE","2.0L","Inline-4","141","200"
"Nissan","X-Trail","2000","present","SUV","GASOLINE;DIESEL;HYBRID","Automatic;Manual;CVT","FWD;AWD;4WD","YD22ETi","2.2L TD","Inline-4 Diesel","136","306"
"Nissan","X-Trail","2000","present","SUV","GASOLINE;DIESEL;HYBRID","Automatic;Manual;CVT","FWD;AWD;4WD","e-Power 1.5L","1.5L","Inline-3 e-Power","204","330"
"Nissan","Juke","2010","present","SUV","GASOLINE","Automatic;Manual;CVT","FWD;AWD","HR15DE","1.5L","Inline-4","112","153"
"Nissan","Juke","2010","present","SUV","GASOLINE","Automatic;Manual;CVT","FWD;AWD","MR16DDT","1.6L Turbo","Inline-4 Turbo","190","240"
"Nissan","Patrol","1951","present","SUV","GASOLINE;DIESEL","Automatic;Manual","4WD","VK56VD","5.6L","V8","400","560"
"Nissan","Patrol","1951","present","SUV","GASOLINE;DIESEL","Automatic;Manual","4WD","ZD30DDTI","3.0L TD","Inline-6 Diesel","158","380"
"Nissan","Navara","1986","present","TRUCK","GASOLINE;DIESEL","Automatic;Manual","RWD;4WD","VQ40DE","4.0L","V6","261","385"
"Nissan","Navara","1986","present","TRUCK","GASOLINE;DIESEL","Automatic;Manual","RWD;4WD","YD25DDTi","2.5L TD","Inline-4 Diesel","188","450"
"Nissan","Serena","1991","present","WAGON","GASOLINE;HYBRID","Automatic;CVT","FWD;4WD","MR20DE","2.0L","Inline-4","147","198"
"Nissan","Serena","1991","present","WAGON","GASOLINE;HYBRID","Automatic;CVT","FWD;4WD","e-Power 1.2L","1.2L","Inline-3 e-Power","136","320"
"Subaru","Forester","1997","present","SUV","GASOLINE;HYBRID","Automatic;Manual;CVT","AWD","EJ20","2.0L","Flat-4","140","196"
"Subaru","Forester","1997","present","SUV","GASOLINE;HYBRID","Automatic;Manual;CVT","AWD","EJ25","2.5L","Flat-4","173","229"
"Subaru","Forester","1997","present","SUV","GASOLINE;HYBRID","Automatic;Manual;CVT","AWD","FB20","2.0L","Flat-4","150","198"
"Subaru","Forester","1997","present","SUV","GASOLINE;HYBRID","Automatic;Manual;CVT","AWD","FA24F e-Boxer","2.4L","Flat-4 Hybrid","182","239"
"Subaru","Outback","1994","present","WAGON;SUV","GASOLINE","Automatic;Manual;CVT","AWD","EJ25","2.5L","Flat-4","173","229"
"Subaru","Outback","1994","present","WAGON;SUV","GASOLINE","Automatic;Manual;CVT","AWD","EZ30","3.0L","Flat-6","245","297"
"Subaru","Outback","1994","present","WAGON;SUV","GASOLINE","Automatic;Manual;CVT","AWD","FA24F","2.4L Turbo","Flat-4 Turbo","265","390"
"Subaru","Impreza","1992","present","SEDAN;HATCHBACK;WAGON","GASOLINE","Automatic;Manual;CVT","AWD","EJ15","1.5L","Flat-4","95","131"
"Subaru","Impreza","1992","present","SEDAN;HATCHBACK;WAGON","GASOLINE","Automatic;Manual;CVT","AWD","EJ20","2.0L","Flat-4","140","196"
"Subaru","Impreza","1992","present","SEDAN;HATCHBACK;WAGON","GASOLINE","Automatic;Manual;CVT","AWD","FB16","1.6L","Flat-4","114","150"
"Subaru","Legacy","1989","present","SEDAN;WAGON","GASOLINE","Automatic;Manual;CVT","AWD","EJ20","2.0L","Flat-4","140","196"
"Subaru","Legacy","1989","present","SEDAN;WAGON","GASOLINE","Automatic;Manual;CVT","AWD","EJ25","2.5L","Flat-4","173","229"
"Subaru","Legacy","1989","present","SEDAN;WAGON","GASOLINE","Automatic;Manual;CVT","AWD","EZ30","3.0L","Flat-6","245","297"
"Subaru","XV","2011","present","SUV","GASOLINE;HYBRID","Automatic;Manual;CVT","AWD","FB20","2.0L","Flat-4","150","198"
"Subaru","XV","2011","present","SUV","GASOLINE;HYBRID","Automatic;Manual;CVT","AWD","FB16 e-Boxer","1.6L","Flat-4 Hybrid","148","167"
"Subaru","WRX STI","1992","present","SEDAN","GASOLINE","Manual","AWD","EJ207","2.0L Turbo","Flat-4 Turbo","300","407"
"Subaru","WRX STI","1992","present","SEDAN","GASOLINE","Manual","AWD","EJ257","2.5L Turbo","Flat-4 Turbo","310","407"
"Mazda","Demio","1996","present","HATCHBACK","GASOLINE;DIESEL","Automatic;Manual","FWD","P3-VPS","1.3L","Inline-4","91","121"
"Mazda","Demio","1996","present","HATCHBACK","GASOLINE;DIESEL","Automatic;Manual","FWD","SKYACTIV-G 1.5","1.5L","Inline-4","112","144"
"Mazda","Demio","1996","present","HATCHBACK","GASOLINE;DIESEL","Automatic;Manual","FWD","SKYACTIV-D 1.5","1.5L TD","Inline-4 Diesel","104","250"
"Mazda","Axela","2003","present","SEDAN;HATCHBACK","GASOLINE;DIESEL;HYBRID","Automatic;Manual","FWD;AWD","LF-VE","2.0L","Inline-4","148","187"
"Mazda","Axela","2003","present","SEDAN;HATCHBACK","GASOLINE;DIESEL;HYBRID","Automatic;Manual","FWD;AWD","SKYACTIV-G 2.0","2.0L","Inline-4","155","200"
"Mazda","Axela","2003","present","SEDAN;HATCHBACK","GASOLINE;DIESEL;HYBRID","Automatic;Manual","FWD;AWD","SKYACTIV-D 2.2","2.2L TD","Inline-4 Diesel","150","380"
"Mazda","Axela","2003","present","SEDAN;HATCHBACK","GASOLINE;DIESEL;HYBRID","Automatic;Manual","FWD;AWD","Hybrid 2.0L","2.0L","Inline-4 Hybrid","138","196"
"Mazda","Atenza","2002","present","SEDAN;WAGON","GASOLINE;DIESEL","Automatic;Manual","FWD","SKYACTIV-G 2.0","2.0L","Inline-4","155","200"
"Mazda","Atenza","2002","present","SEDAN;WAGON","GASOLINE;DIESEL","Automatic;Manual","FWD","SKYACTIV-G 2.5","2.5L","Inline-4","192","252"
"Mazda","Atenza","2002","present","SEDAN;WAGON","GASOLINE;DIESEL","Automatic;Manual","FWD","SKYACTIV-D 2.2","2.2L TD","Inline-4 Diesel","175","420"
"Mazda","CX-5","2012","present","SUV","GASOLINE;DIESEL","Automatic;Manual","FWD;AWD","SKYACTIV-G 2.0","2.0L","Inline-4","155","200"
"Mazda","CX-5","2012","present","SUV","GASOLINE;DIESEL","Automatic;Manual","FWD;AWD","SKYACTIV-G 2.5","2.5L","Inline-4","188","252"
"Mazda","CX-5","2012","present","SUV","GASOLINE;DIESEL","Automatic;Manual","FWD;AWD","SKYACTIV-D 2.2","2.2L TD","Inline-4 Diesel","175","420"
"Mazda","BT-50","2006","present","TRUCK","DIESEL","Automatic;Manual","RWD;4WD","WL-C","2.5L TD","Inline-4 Diesel","143","330"
"Mazda","BT-50","2006","present","TRUCK","DIESEL","Automatic;Manual","RWD;4WD","P5-AT","3.2L TD","Inline-5 Diesel","197","470"
"Honda","Fit","2001","present","HATCHBACK","GASOLINE;HYBRID","Automatic;Manual;CVT","FWD","L12B","1.2L","Inline-4","90","118"
"Honda","Fit","2001","present","HATCHBACK","GASOLINE;HYBRID","Automatic;Manual;CVT","FWD","L13B","1.3L","Inline-4","100","127"
"Honda","Fit","2001","present","HATCHBACK","GASOLINE;HYBRID","Automatic;Manual;CVT","FWD","L15B","1.5L","Inline-4","130","155"
"Honda","Fit","2001","present","HATCHBACK","GASOLINE;HYBRID","Automatic;Manual;CVT","FWD","LEB Hybrid","1.3L Hybrid","Inline-4 Hybrid","102","123"
"Honda","Jazz","2001","present","HATCHBACK","GASOLINE;HYBRID","Automatic;Manual;CVT","FWD","L15B","1.5L","Inline-4","130","155"
"Honda","Jazz","2001","present","HATCHBACK","GASOLINE;HYBRID","Automatic;Manual;CVT","FWD","Hybrid 1.5L","1.5L","Inline-4 Hybrid","136","253"
"Honda","Civic","1972","present","SEDAN;HATCHBACK;COUPE","GASOLINE","Automatic;Manual;CVT","FWD","R18A","1.8L","Inline-4","140","174"
"Honda","Civic","1972","present","SEDAN;HATCHBACK;COUPE","GASOLINE","Automatic;Manual;CVT","FWD","L15B7","1.5L Turbo","Inline-4 Turbo","174","220"
"Honda","Accord","1976","present","SEDAN","GASOLINE;HYBRID","Automatic;Manual;CVT","FWD","K24A","2.4L","Inline-4","190","226"
"Honda","Accord","1976","present","SEDAN","GASOLINE;HYBRID","Automatic;Manual;CVT","FWD","J30A","3.0L","V6","244","296"
"Honda","Accord","1976","present","SEDAN","GASOLINE;HYBRID","Automatic;Manual;CVT","FWD","Hybrid 2.0L","2.0L","Inline-4 Hybrid","212","335"
"Honda","CR-V","1995","present","SUV","GASOLINE;DIESEL;HYBRID","Automatic;Manual;CVT","FWD;AWD","K24A","2.4L","Inline-4","185","226"
"Honda","CR-V","1995","present","SUV","GASOLINE;DIESEL;HYBRID","Automatic;Manual;CVT","FWD;AWD","R20A","2.0L","Inline-4","155","189"
"Honda","CR-V","1995","present","SUV","GASOLINE;DIESEL;HYBRID","Automatic;Manual;CVT","FWD;AWD","N22A","2.2L TD","Inline-4 Diesel","140","340"
"Honda","CR-V","1995","present","SUV","GASOLINE;DIESEL;HYBRID","Automatic;Manual;CVT","FWD;AWD","Hybrid 2.0L","2.0L","Inline-4 Hybrid","184","315"
"Mitsubishi","Pajero","1982","present","SUV","GASOLINE;DIESEL","Automatic;Manual","4WD","6G74","3.5L","V6","245","318"
"Mitsubishi","Pajero","1982","present","SUV","GASOLINE;DIESEL","Automatic;Manual","4WD","4M41","3.2L TD","Inline-4 Diesel","200","441"
"Mitsubishi","Pajero","1982","present","SUV","GASOLINE;DIESEL","Automatic;Manual","4WD","4D56","2.5L TD","Inline-4 Diesel","115","294"
"Mitsubishi","Outlander","2001","present","SUV","GASOLINE;HYBRID","Automatic;CVT","FWD;4WD","4B12","2.4L","Inline-4","168","222"
"Mitsubishi","Outlander","2001","present","SUV","GASOLINE;HYBRID","Automatic;CVT","FWD;4WD","6B31","3.0L","V6","220","275"
"Mitsubishi","Outlander","2001","present","SUV","GASOLINE;HYBRID","Automatic;CVT","FWD;4WD","PHEV 2.4L","2.4L","Inline-4 PHEV","224","332"
"Mitsubishi","L200 / Triton","1978","present","TRUCK","DIESEL","Automatic;Manual","RWD;4WD","4D56T","2.5L TD","Inline-4 Diesel","178","400"
"Mitsubishi","L200 / Triton","1978","present","TRUCK","DIESEL","Automatic;Manual","RWD;4WD","4N15","2.4L TD","Inline-4 Diesel","181","430"
"Mitsubishi","Eclipse Cross","2017","present","SUV","GASOLINE;HYBRID","Automatic;CVT","FWD;4WD","4B40","1.5L Turbo","Inline-4 Turbo","150","250"
"Mitsubishi","Eclipse Cross","2017","present","SUV","GASOLINE;HYBRID","Automatic;CVT","FWD;4WD","PHEV 2.4L","2.4L","Inline-4 PHEV","188","255"
"Mitsubishi","Colt","2002","2012","HATCHBACK","GASOLINE","Automatic;Manual;CVT","FWD","4A91","1.3L","Inline-4","95","118"
"Mitsubishi","Colt","2002","2012","HATCHBACK","GASOLINE","Automatic;Manual;CVT","FWD","4G15","1.5L","Inline-4","109","141"
"Suzuki","Swift","1983","present","HATCHBACK","GASOLINE;HYBRID","Automatic;Manual;CVT","FWD","K12B","1.2L","Inline-4","94","118"
"Suzuki","Swift","1983","present","HATCHBACK","GASOLINE;HYBRID","Automatic;Manual;CVT","FWD","K14B","1.4L Boosterjet","Inline-4 Turbo","140","230"
"Suzuki","Swift","1983","present","HATCHBACK","GASOLINE;HYBRID","Automatic;Manual;CVT","FWD","K12C Mild Hybrid","1.2L","Inline-4 Mild Hybrid","83","107"
"Suzuki","Vitara","1988","present","SUV","GASOLINE;HYBRID","Automatic;Manual","FWD;4WD","K14B","1.4L Boosterjet","Inline-4 Turbo","140","220"
"Suzuki","Vitara","1988","present","SUV","GASOLINE;HYBRID","Automatic;Manual","FWD;4WD","K15B","1.5L","Inline-4","103","138"
"Suzuki","Vitara","1988","present","SUV","GASOLINE;HYBRID","Automatic;Manual","FWD;4WD","Mild Hybrid 1.4L","1.4L","Inline-4 Mild Hybrid","129","235"
"Suzuki","Jimny","1970","present","SUV","GASOLINE","Automatic;Manual","4WD","G13BB","1.3L","Inline-4","85","110"
"Suzuki","Jimny","1970","present","SUV","GASOLINE","Automatic;Manual","4WD","K15B","1.5L","Inline-4","102","130"
"Suzuki","Ertiga","2012","present","WAGON","GASOLINE","Automatic;Manual","FWD","K14B","1.4L","Inline-4","95","130"
"Suzuki","Ertiga","2012","present","WAGON","GASOLINE","Automatic;Manual","FWD","K15B","1.5L","Inline-4","103","138"
"Isuzu","D-Max","2002","present","TRUCK","DIESEL","Automatic;Manual","RWD;4WD","4JJ1-TC","3.0L TD","Inline-4 Diesel","163","380"
"Isuzu","D-Max","2002","present","TRUCK","DIESEL","Automatic;Manual","RWD;4WD","4JJ3-TCX","1.9L TD","Inline-4 Diesel","163","360"
"Isuzu","MU-X","2013","present","SUV","DIESEL","Automatic;Manual","RWD;4WD","4JJ1-TC","3.0L TD","Inline-4 Diesel","174","380"
"Isuzu","MU-X","2013","present","SUV","DIESEL","Automatic;Manual","RWD;4WD","4JJ3-TCX","1.9L TD","Inline-4 Diesel","163","360"
"Mercedes-Benz","C-Class","1993","present","SEDAN;WAGON;COUPE","GASOLINE;DIESEL;HYBRID","Automatic;Manual","RWD;AWD","M271","1.8L Turbo","Inline-4 Turbo","184","270"
"Mercedes-Benz","C-Class","1993","present","SEDAN;WAGON;COUPE","GASOLINE;DIESEL;HYBRID","Automatic;Manual","RWD;AWD","M276","3.0L","V6","252","340"
"Mercedes-Benz","C-Class","1993","present","SEDAN;WAGON;COUPE","GASOLINE;DIESEL;HYBRID","Automatic;Manual","RWD;AWD","OM651","2.1L TD","Inline-4 Diesel","170","400"
"Mercedes-Benz","C-Class","1993","present","SEDAN;WAGON;COUPE","GASOLINE;DIESEL;HYBRID","Automatic;Manual","RWD;AWD","M254 PHEV","2.0L","Inline-4 PHEV","313","550"
"Mercedes-Benz","E-Class","1993","present","SEDAN;WAGON;COUPE","GASOLINE;DIESEL;HYBRID","Automatic","RWD;AWD","M274","2.0L Turbo","Inline-4 Turbo","245","370"
"Mercedes-Benz","E-Class","1993","present","SEDAN;WAGON;COUPE","GASOLINE;DIESEL;HYBRID","Automatic","RWD;AWD","M276","3.0L","V6","333","480"
"Mercedes-Benz","E-Class","1993","present","SEDAN;WAGON;COUPE","GASOLINE;DIESEL;HYBRID","Automatic","RWD;AWD","OM654","2.0L TD","Inline-4 Diesel","194","400"
"Mercedes-Benz","E-Class","1993","present","SEDAN;WAGON;COUPE","GASOLINE;DIESEL;HYBRID","Automatic","RWD;AWD","OM656","3.0L TD","Inline-6 Diesel","340","700"
"Mercedes-Benz","GLE","2015","present","SUV","GASOLINE;DIESEL;HYBRID","Automatic","AWD","M264","2.0L Turbo","Inline-4 Turbo","258","370"
"Mercedes-Benz","GLE","2015","present","SUV","GASOLINE;DIESEL;HYBRID","Automatic","AWD","M276","3.0L","V6","367","500"
"Mercedes-Benz","GLE","2015","present","SUV","GASOLINE;DIESEL;HYBRID","Automatic","AWD","OM656","3.0L TD","Inline-6 Diesel","272","600"
"Mercedes-Benz","GLE","2015","present","SUV","GASOLINE;DIESEL;HYBRID","Automatic","AWD","PHEV 3.0L","3.0L","Inline-6 PHEV","381","700"
"Mercedes-Benz","ML / GLE (W164/W166)","1997","2019","SUV","GASOLINE;DIESEL","Automatic","AWD","M272","3.5L","V6","272","350"
"Mercedes-Benz","ML / GLE (W164/W166)","1997","2019","SUV","GASOLINE;DIESEL","Automatic","AWD","M157","5.5L BiTurbo","V8 BiTurbo","557","720"
"Mercedes-Benz","ML / GLE (W164/W166)","1997","2019","SUV","GASOLINE;DIESEL","Automatic","AWD","OM642","3.0L TD","V6 Diesel","258","620"
"BMW","3 Series","1975","present","SEDAN;WAGON;COUPE","GASOLINE;DIESEL;HYBRID","Automatic;Manual","RWD;AWD","N20B20","2.0L Turbo","Inline-4 Turbo","184","270"
"BMW","3 Series","1975","present","SEDAN;WAGON;COUPE","GASOLINE;DIESEL;HYBRID","Automatic;Manual","RWD;AWD","B48B20","2.0L Turbo","Inline-4 Turbo","258","400"
"BMW","3 Series","1975","present","SEDAN;WAGON;COUPE","GASOLINE;DIESEL;HYBRID","Automatic;Manual","RWD;AWD","B58B30","3.0L Turbo","Inline-6 Turbo","374","500"
"BMW","3 Series","1975","present","SEDAN;WAGON;COUPE","GASOLINE;DIESEL;HYBRID","Automatic;Manual","RWD;AWD","N47D20","2.0L TD","Inline-4 Diesel","143","320"
"BMW","3 Series","1975","present","SEDAN;WAGON;COUPE","GASOLINE;DIESEL;HYBRID","Automatic;Manual","RWD;AWD","B47D20","2.0L TD","Inline-4 Diesel","190","400"
"BMW","5 Series","1972","present","SEDAN;WAGON","GASOLINE;DIESEL;HYBRID","Automatic","RWD;AWD","B48B20","2.0L Turbo","Inline-4 Turbo","184","290"
"BMW","5 Series","1972","present","SEDAN;WAGON","GASOLINE;DIESEL;HYBRID","Automatic","RWD;AWD","B58B30","3.0L Turbo","Inline-6 Turbo","374","500"
"BMW","5 Series","1972","present","SEDAN;WAGON","GASOLINE;DIESEL;HYBRID","Automatic","RWD;AWD","B57D30","3.0L TD","Inline-6 Diesel","340","700"
"BMW","5 Series","1972","present","SEDAN;WAGON","GASOLINE;DIESEL;HYBRID","Automatic","RWD;AWD","PHEV B48","2.0L","Inline-4 PHEV","299","420"
"BMW","X5","1999","present","SUV","GASOLINE;DIESEL;HYBRID","Automatic","AWD","B48B20","2.0L Turbo","Inline-4 Turbo","258","400"
"BMW","X5","1999","present","SUV","GASOLINE;DIESEL;HYBRID","Automatic","AWD","B58B30","3.0L Turbo","Inline-6 Turbo","374","500"
"BMW","X5","1999","present","SUV","GASOLINE;DIESEL;HYBRID","Automatic","AWD","S63B44","4.4L BiTurbo","V8 BiTurbo","617","750"
"BMW","X5","1999","present","SUV","GASOLINE;DIESEL;HYBRID","Automatic","AWD","B57D30","3.0L TD","Inline-6 Diesel","265","620"
"BMW","X3","2003","present","SUV","GASOLINE;DIESEL","Automatic","AWD","B46D20","2.0L Turbo","Inline-4 Turbo","184","300"
"BMW","X3","2003","present","SUV","GASOLINE;DIESEL","Automatic","AWD","B48B20","2.0L Turbo","Inline-4 Turbo","252","350"
"BMW","X3","2003","present","SUV","GASOLINE;DIESEL","Automatic","AWD","B47D20","2.0L TD","Inline-4 Diesel","190","400"
"Volkswagen","Golf","1974","present","HATCHBACK","GASOLINE;DIESEL","Automatic;Manual;DSG","FWD;4WD","EA211 1.2 TSI","1.2L Turbo","Inline-4 Turbo","105","175"
"Volkswagen","Golf","1974","present","HATCHBACK","GASOLINE;DIESEL","Automatic;Manual;DSG","FWD;4WD","EA211 1.4 TSI","1.4L Turbo","Inline-4 Turbo","150","250"
"Volkswagen","Golf","1974","present","HATCHBACK","GASOLINE;DIESEL","Automatic;Manual;DSG","FWD;4WD","EA888 2.0 TSI","2.0L Turbo","Inline-4 Turbo","245","370"
"Volkswagen","Golf","1974","present","HATCHBACK","GASOLINE;DIESEL","Automatic;Manual;DSG","FWD;4WD","EA288 2.0 TDI","2.0L TD","Inline-4 Diesel","150","340"
"Volkswagen","Polo","1975","present","HATCHBACK","GASOLINE;DIESEL","Automatic;Manual;DSG","FWD","EA211 1.0 TSI","1.0L Turbo","Inline-3 Turbo","95","160"
"Volkswagen","Polo","1975","present","HATCHBACK","GASOLINE;DIESEL","Automatic;Manual;DSG","FWD","EA211 1.2 TSI","1.2L Turbo","Inline-4 Turbo","90","160"
"Volkswagen","Polo","1975","present","HATCHBACK","GASOLINE;DIESEL","Automatic;Manual;DSG","FWD","EA288 1.4 TDI","1.4L TD","Inline-4 Diesel","90","230"
"Volkswagen","Tiguan","2007","present","SUV","GASOLINE;DIESEL","Automatic;DSG","FWD;4WD","EA888 1.4 TSI","1.4L Turbo","Inline-4 Turbo","150","250"
"Volkswagen","Tiguan","2007","present","SUV","GASOLINE;DIESEL","Automatic;DSG","FWD;4WD","EA888 2.0 TSI","2.0L Turbo","Inline-4 Turbo","190","320"
"Volkswagen","Tiguan","2007","present","SUV","GASOLINE;DIESEL","Automatic;DSG","FWD;4WD","EA288 2.0 TDI","2.0L TD","Inline-4 Diesel","150","340"
"Volkswagen","Touareg","2002","present","SUV","GASOLINE;DIESEL;HYBRID","Automatic","4WD","EA839 3.0 TSI","3.0L Turbo","V6 Turbo","340","450"
"Volkswagen","Touareg","2002","present","SUV","GASOLINE;DIESEL;HYBRID","Automatic","4WD","EA897 3.0 TDI","3.0L TD","V6 Diesel","286","600"
"Volkswagen","Touareg","2002","present","SUV","GASOLINE;DIESEL;HYBRID","Automatic","4WD","PHEV 3.0L V6","3.0L","V6 PHEV","462","700"
"Ford","Ranger","1983","present","TRUCK","GASOLINE;DIESEL","Automatic;Manual","RWD;4WD","Duratec 2.5L","2.5L","Inline-4","166","226"
"Ford","Ranger","1983","present","TRUCK","GASOLINE;DIESEL","Automatic;Manual","RWD;4WD","Duratorq 2.2L","2.2L TD","Inline-4 Diesel","150","375"
"Ford","Ranger","1983","present","TRUCK","GASOLINE;DIESEL","Automatic;Manual","RWD;4WD","Duratorq 3.2L","3.2L TD","Inline-5 Diesel","197","470"
"Ford","Everest","2003","present","SUV","DIESEL","Automatic;Manual","RWD;4WD","Duratorq 2.2L","2.2L TD","Inline-4 Diesel","150","375"
"Ford","Everest","2003","present","SUV","DIESEL","Automatic;Manual","RWD;4WD","Duratorq 3.2L","3.2L TD","Inline-5 Diesel","197","470"
"Ford","Explorer","1990","present","SUV","GASOLINE","Automatic","RWD;4WD","EcoBoost 2.3L","2.3L Turbo","Inline-4 Turbo","300","420"
"Ford","Explorer","1990","present","SUV","GASOLINE","Automatic","RWD;4WD","EcoBoost 3.5L","3.5L Turbo","V6 Turbo","365","475"
"Hyundai","Tucson","2004","present","SUV","GASOLINE;DIESEL;HYBRID","Automatic;Manual","FWD;AWD","G4NA","2.0L","Inline-4","155","196"
"Hyundai","Tucson","2004","present","SUV","GASOLINE;DIESEL;HYBRID","Automatic;Manual","FWD;AWD","G4KH","1.6L Turbo","Inline-4 Turbo","175","265"
"Hyundai","Tucson","2004","present","SUV","GASOLINE;DIESEL;HYBRID","Automatic;Manual","FWD;AWD","D4HA","2.0L TD","Inline-4 Diesel","186","400"
"Hyundai","Tucson","2004","present","SUV","GASOLINE;DIESEL;HYBRID","Automatic;Manual","FWD;AWD","Hybrid 1.6L","1.6L","Inline-4 Hybrid","230","265"
"Hyundai","Santa Fe","2000","present","SUV","GASOLINE;DIESEL;HYBRID","Automatic","FWD;AWD","G4KE","2.4L","Inline-4","191","241"
"Hyundai","Santa Fe","2000","present","SUV","GASOLINE;DIESEL;HYBRID","Automatic","FWD;AWD","G6DC","3.5L","V6","282","339"
"Hyundai","Santa Fe","2000","present","SUV","GASOLINE;DIESEL;HYBRID","Automatic","FWD;AWD","D4HB","2.2L TD","Inline-4 Diesel","200","440"
"Hyundai","i10","2007","present","HATCHBACK","GASOLINE","Automatic;Manual","FWD","G3LA","1.0L","Inline-3","66","96"
"Hyundai","i10","2007","present","HATCHBACK","GASOLINE","Automatic;Manual","FWD","G4HG","1.1L","Inline-4","65","95"
"Hyundai","i20","2008","present","HATCHBACK","GASOLINE","Automatic;Manual","FWD","G4LA","1.2L","Inline-4","84","120"
"Hyundai","i20","2008","present","HATCHBACK","GASOLINE","Automatic;Manual","FWD","G4FG","1.4L","Inline-4","100","132"
"Kia","Sportage","1993","present","SUV","GASOLINE;DIESEL;HYBRID","Automatic;Manual","FWD;AWD","G4NA","2.0L","Inline-4","150","192"
"Kia","Sportage","1993","present","SUV","GASOLINE;DIESEL;HYBRID","Automatic;Manual","FWD;AWD","G4KH","1.6L Turbo","Inline-4 Turbo","175","265"
"Kia","Sportage","1993","present","SUV","GASOLINE;DIESEL;HYBRID","Automatic;Manual","FWD;AWD","D4FD","1.7L TD","Inline-4 Diesel","141","340"
"Kia","Sportage","1993","present","SUV","GASOLINE;DIESEL;HYBRID","Automatic;Manual","FWD;AWD","Hybrid 1.6L","1.6L","Inline-4 Hybrid","230","350"
"Kia","Sorento","2002","present","SUV","GASOLINE;DIESEL;HYBRID","Automatic","FWD;AWD","G6DC","3.5L","V6","282","340"
"Kia","Sorento","2002","present","SUV","GASOLINE;DIESEL;HYBRID","Automatic","FWD;AWD","G4KE","2.4L","Inline-4","191","232"
"Kia","Sorento","2002","present","SUV","GASOLINE;DIESEL;HYBRID","Automatic","FWD;AWD","D4HB","2.2L TD","Inline-4 Diesel","197","440"
"Kia","Picanto","2004","present","HATCHBACK","GASOLINE","Automatic;Manual","FWD","G3LA","1.0L","Inline-3","66","95"
"Kia","Picanto","2004","present","HATCHBACK","GASOLINE","Automatic;Manual","FWD","G4HG","1.1L","Inline-4","65","95"
"Land Rover","Discovery","1989","present","SUV","GASOLINE;DIESEL","Automatic","4WD","AJ-V8","4.4L","V8","306","410"
"Land Rover","Discovery","1989","present","SUV","GASOLINE;DIESEL","Automatic","4WD","Ingenium Td6","3.0L TD","Inline-6 Diesel","306","700"
"Land Rover","Discovery","1989","present","SUV","GASOLINE;DIESEL","Automatic","4WD","Ingenium 2.0D","2.0L TD","Inline-4 Diesel","240","500"
"Land Rover","Discovery Sport","2014","present","SUV","GASOLINE;DIESEL","Automatic","AWD","Ingenium 2.0P","2.0L Turbo","Inline-4 Turbo","249","365"
"Land Rover","Discovery Sport","2014","present","SUV","GASOLINE;DIESEL","Automatic","AWD","Ingenium 2.0D","2.0L TD","Inline-4 Diesel","180","430"
"Land Rover","Range Rover Sport","2005","present","SUV","GASOLINE;DIESEL;HYBRID","Automatic","4WD","AJ-V8 5.0SC","5.0L SC","V8 Supercharged","550","680"
"Land Rover","Range Rover Sport","2005","present","SUV","GASOLINE;DIESEL;HYBRID","Automatic","4WD","Ingenium 3.0P","3.0L Turbo","Inline-6 Turbo","400","550"
"Land Rover","Range Rover Sport","2005","present","SUV","GASOLINE;DIESEL;HYBRID","Automatic","4WD","Ingenium 3.0D","3.0L TD","Inline-6 Diesel","350","700"
"Audi","A4","1994","present","SEDAN;WAGON","GASOLINE;DIESEL","Automatic;Manual;S-Tronic","FWD;AWD","CVKA 2.0 TFSI","2.0L Turbo","Inline-4 Turbo","190","320"
"Audi","A4","1994","present","SEDAN;WAGON","GASOLINE;DIESEL","Automatic;Manual;S-Tronic","FWD;AWD","DEUA 2.0 TDI","2.0L TD","Inline-4 Diesel","190","400"
"Audi","Q5","2008","present","SUV","GASOLINE;DIESEL;HYBRID","Automatic;S-Tronic","AWD","2.0 TFSI","2.0L Turbo","Inline-4 Turbo","265","370"
"Audi","Q5","2008","present","SUV","GASOLINE;DIESEL;HYBRID","Automatic;S-Tronic","AWD","3.0 TFSI","3.0L Turbo","V6 Turbo","354","500"
"Audi","Q5","2008","present","SUV","GASOLINE;DIESEL;HYBRID","Automatic;S-Tronic","AWD","2.0 TDI","2.0L TD","Inline-4 Diesel","204","400"
"Audi","Q5","2008","present","SUV","GASOLINE;DIESEL;HYBRID","Automatic;S-Tronic","AWD","PHEV 2.0L","2.0L","Inline-4 PHEV","362","500"
"Peugeot","208","2012","present","HATCHBACK","GASOLINE;DIESEL","Automatic;Manual","FWD","EB2 1.2 PureTech","1.2L Turbo","Inline-3 Turbo","130","230"
"Peugeot","208","2012","present","HATCHBACK","GASOLINE;DIESEL","Automatic;Manual","FWD","DV6F 1.6 BlueHDi","1.6L TD","Inline-4 Diesel","120","300"
"Peugeot","3008","2009","present","SUV","GASOLINE;DIESEL;HYBRID","Automatic;Manual","FWD","EB2 1.2 PureTech","1.2L Turbo","Inline-3 Turbo","130","230"
"Peugeot","3008","2009","present","SUV","GASOLINE;DIESEL;HYBRID","Automatic;Manual","FWD","EP6 1.6 THP","1.6L Turbo","Inline-4 Turbo","165","240"
"Peugeot","3008","2009","present","SUV","GASOLINE;DIESEL;HYBRID","Automatic;Manual","FWD","DW10 2.0 BlueHDi","2.0L TD","Inline-4 Diesel","150","370"